{"jump":{"Frame0":[0.0,446.0,71.0,340.0],"Frame1":[69.0,446.0,147.0,340.0],"Frame2":[147.0,446.0,222.0,340.0],"Frame3":[222.0,446.0,296.0,340.0],"Frame4":[296.0,446.0,368.0,340.0],"Frame5":[368.0,446.0,442.0,340.0],"Frame6":[442.0,446.0,522.0,340.0],"Frame7":[522.0,446.0,594.0,340.0],"Frame8":[594.0,446.0,670.0,340.0],"Frame9":[674.0,446.0,752.0,340.0],"NumFrames":10,"Repeating":false,"SecsPerFrame":0.10000000149011612},"run":{"Frame0":[0.0,205.0,72.0,105.0],"Frame1":[72.0,205.0,144.0,105.0],"Frame2":[144.0,205.0,212.0,105.0],"Frame3":[212.0,205.0,276.0,105.0],"Frame4":[276.0,205.0,340.0,105.0],"Frame5":[340.0,205.0,412.0,105.0],"Frame6":[414.0,205.0,485.0,105.0],"Frame7":[485.0,205.0,554.0,105.0],"Frame8":[554.0,205.0,624.0,105.0],"Frame9":[624.0,205.0,696.0,105.0],"NumFrames":10,"Repeating":true,"SecsPerFrame":0.07000000029802322}}